policy,run_dir,seed,success_rate,success_ci_low,success_ci_high,smoothness_mean,smoothness_bootstrap_ci_low,smoothness_bootstrap_ci_high,path_length_mean,collision_rate,endpoint_error,hf_residual_energy_mean,mean_num_model_steps_to_success
gcs_only,runs/maze2d_gcs_only_seed0_20260630_192251,0,0.245,0.21834291913956066,0.2716570808604393,59.433504723529424,53.08694240268396,66.71013037486952,6.00406699180603,0.539,1.2377818762199022,0.036545040507335216,90.77551020408163
rrt_only,runs/maze2d_rrt_only_seed0_20260630_192251,0,0.635,0.6051606494708749,0.6648393505291251,12.119865868410725,11.53631366398391,12.806744032835397,7.154057927769939,0.071,0.24676006922125818,0.01962510399380699,119.45196850393701
cotrain,runs/maze2d_cotrain_seed0_20260630_192251,0,0.662,0.6326813873179511,0.691318612682049,11.784620241456162,11.189288670923053,12.473753500822088,7.158819791413506,0.074,0.23813254021108152,0.01949751173518598,122.54682779456193
ambient_scalar,runs/maze2d_ambient_scalar_seed0_20260630_192251,0,0.759,0.732491480041315,0.785508519958685,14.056138688239498,13.533007169303843,14.651783052907474,6.996565946634265,0.12,0.2517531708702445,0.021418048721970992,117.97628458498023
sr_tmin,runs/maze2d_sr_tmin_seed0_20260630_192350,0,0.545,0.5141354449246389,0.5758645550753612,25.950098741163902,23.426336977656828,28.766373726884158,7.5134274893944415,0.143,0.3618047600463033,0.022741863252595067,99.90091743119267
sr_freqmask,runs/maze2d_sr_freqmask_seed0_20260630_192251,0,0.744,0.7169502957058677,0.7710497042941323,22.813068810970552,21.87486095686433,23.84239098251827,7.341214138173288,0.049,0.2230189460888505,0.023555237331427635,118.9274193548387
sr_full,runs/maze2d_sr_full_seed0_20260630_190733,0,0.688,0.6592837591318083,0.7167162408681916,20.09562314041825,19.38552654740769,20.889078308520624,7.155152100809785,0.051,0.2464702718257904,0.023181392655707896,118.875
